{
  "arabica": [
    {
      "foto": "images/produk/product_capuchino.jpg",
      "nama": "Cappuccino Arabica",
      "size": "500 Gram",
      "harga": "200.000",
      "link": "https://www.google.com/search?q=cappuccino+arabica&tbm=shop"
    },
    {
      "foto": "images/produk/product_espresso.jpg",
      "nama": "Pahit Arabica",
      "size": "100 Gram",
      "harga": "100.000",
      "link": "https://www.google.com/search?q=pahit+arabica&tbm=shop"
    },
    {
      "foto": "images/produk/product_latte.jpg",
      "nama": "Latte Arabica",
      "size": "150 Gram",
      "harga": "150.000",
      "link": "https://www.google.com/search?q=latte+arabica&tbm=shop"
    }
  ],
  "robusta": [
    {
      "foto": "images/produk/product_kopi_susu.jpg",
      "nama": "Kopsus Robusta",
      "size": "100 Gram",
      "harga": "80.000",
      "link": "https://www.google.com/search?q=kopi+susu+robusta&tbm=shop"
    },
    {
      "foto": "images/produk/product_latte.jpg",
      "nama": "Latte Robusta",
      "size": "150 Gram",
      "harga": "150.000",
      "link": "https://www.google.com/search?q=latte+robusta&tbm=shop"
    },
    {
      "nama": "espresso",
      "size": "100 ml",
      "harga": "10.000",
      "link": "#",
      "foto": "https://static.promediateknologi.id/crop/0x0:0x0/0x0/webp/photo/riaupos/4919-img_6848.jpeg"
    }
  ],
  "nonkopi": [
    {
      "nama": "Es Teh Manis",
      "size": "100ml",
      "harga": "10.000",
      "link": "#",
      "foto": "https://www.astronauts.id/blog/wp-content/uploads/2023/03/Beberapa-Resep-Es-Teh-Manis-Yang-Enggak-Ngebosenin-Untuk-Buka-Puasa-768x512.jpg"
    },
    {
      "nama": "Jus Mangga Utut",
      "size": "100 ml",
      "harga": "10.000",
      "link": "#",
      "foto": "https://cdn1-production-images-kly.akamaized.net/IXwkGoxNo1fBdDms9BullOXvjLg=/1191x0:3681x3319/469x625/filters:quality(75):strip_icc():format(webp)/kly-media-production/medias/2952663/original/065258500_1572335694-2019-10-29.jpg"
    },
    {
      "nama": "Jus jeruk",
      "size": "100 ml",
      "harga": "10.000",
      "link": "#",
      "foto": "https://disk.mediaindonesia.com/thumbs/480x320/news/2023/10/71e0731b190b897f4f412c712314d02e.jpg"
    }
  ]
}